"concept_reference_general_concept_name"	"concept_reference"	"general_concept_name"	"observation"	"metadata_requirement"
"Sequencing_Assay_identifier"	"Sequencing_Assay"	"identifier"	"obo:OBI_002117_(WGS)"	"Type:_WGS_Identifier;_Cardinality:_1:1;_Value_Set:_OBI_002117"
"Sequencing_Assay_seq_assay_intended_read_depth"	"Sequencing_Assay"	"seq_assay_intended_read_depth"	"150"	"Type:_Read_Depth;_Cardinality:_1:1;_Value_Set:_integer"
"Sequencing_Assay_seq_assay_intended_read_length"	"Sequencing_Assay"	"seq_assay_intended_read_length"	"20"	"Type:_Read_Length;_Cardinality:_1:1;_Value_Set:_integer"
"Sequencing_Assay_data_file"	"Sequencing_Assay"	"data_file"	"out.fastq"	"Type:_File_Identifier;_Cardinality:_1:1;_Value_Set:_string"
"Sequencing_Assay_data_file_format"	"Sequencing_Assay"	"data_file_format"	"edam:format_1931_(FASTQ_-_Illumina)"	"Type:_File_Format;_Cardinality:_1:1;_Value_Set:_EDAM_format_1931_(FASTQ_-_Illumina)"
"Sequencing_Assay_quality_control_name"	"Sequencing_Assay"	"quality_control_name"	"phred_quality_score"	"Type:_QC_Metric_Name;_Cardinality:_1:1;_Value_Set:_phred_quality_score"
"Sequencing_Assay_quality_control_value"	"Sequencing_Assay"	"quality_control_value"	"78.33_%"	"Type:_QC_Metric_Value;_Cardinality:_1:1;_Value_Set:_percentage"
"Sequencing_Assay_library_preparation"	"Sequencing_Assay"	"library_preparation"	"Illumina_TruSeq_DNA_PCR-Free"	"Type:_Library_Prep_Kit;_Cardinality:_1:1;_Value_Set:_Illumina_TruSeq_DNA_PCR-Free"
"Sequencing_Assay_sample"	"Sequencing_Assay"	"sample"	"blood_sample_1"	"Type:_Sample_Identifier;_Cardinality:_1:1;_Value_Set:_SNOMED_CT"
"Sequencing_Assay_sample_material_type"	"Sequencing_Assay"	"sample_material_type"	"snomed:119297000_(Blood_sample)"	"Type:_Sample_Material_Type;_Cardinality:_1:1;_Value_Set:_SNOMED_119297000_(Blood_sample)"
"Sequencing_Assay_standard_operating_procedure"	"Sequencing_Assay"	"standard_operating_procedure"	"WGS_with_Illumina_NovaSeq_6000"	"Type:_SOP_Name;_Cardinality:_1:1;_Value_Set:_string"
"Sequencing_Assay_sop_description"	"Sequencing_Assay"	"sop_description"	"SOP_for_WGS_with_Illumina_NovaSeq_6000"	"Type:_SOP_Description;_Cardinality:_1:1;_Value_Set:_string"
"Sequencing_Assay_sop_version"	"Sequencing_Assay"	"sop_version"	"v0.1"	"Type:_SOP_Version;_Cardinality:_1:1;_Value_Set:_string"
"Sequencing_Assay_sample.id"	"Sequencing_Assay"	"sample.id"	"Canton_001"	NA
"Sequencing_Assay_omic_result.id"	"Sequencing_Assay"	"omic_result.id"	"omicABC123"	NA
"analysis_report_sample.id"	"analysis_report"	"sample.id"	"Canton_001_NGS000012345_NA_S46_L001"	NA
"analysis_report_FILE1"	"analysis_report"	"FILE1"	"/user/data/wgs/fastp/221031_A00485_1234_AHNFF5DSX3/Canton_001_NGS000012345_NA_S46_L001_R1.fq.gz"	NA
"analysis_report_FILE2"	"analysis_report"	"FILE2"	"/user/data/wgs/fastp/221031_A00485_1234_AHNFF5DSX3/Canton_001_NGS000012345_NA_S46_L001_R2.fq.gz"	NA
"analysis_report_output_file"	"analysis_report"	"output_file"	"/user/data/wgs/bam/221031_A00485_1234_AHNFF5DSX3/Canton_001_NGS000012345_NA_S46_L001.bam"	NA
"analysis_report_ID"	"analysis_report"	"ID"	"Canton_001_NGS000012345_NA_S46_L001"	NA
"analysis_report_SM"	"analysis_report"	"SM"	"Canton_001"	NA
"analysis_report_PL"	"analysis_report"	"PL"	"NovaSeq6000_WGS_TruSeq"	NA
"analysis_report_PU"	"analysis_report"	"PU"	"HNFF5DSX3.1.Canton_001"	NA
"analysis_report_LB"	"analysis_report"	"LB"	"Canton_001_NGS000012345"	NA
"analysis_report_RG"	"analysis_report"	"RG"	"@RG\tID:Canton_001_NGS000012345_NA_S46_L001\tSM:/user/Canton_001\tPL:NovaSeq6000_WGS_TruSeq\tPU:HNFF5DSX3.1.Canton_001\tLB:Canton_001_NGS000012345"	NA
"analysis_report_omic_result.id"	"analysis_report"	"omic_result.id"	"omicABC123"	NA
"Sequencing_Assay_sequencing_instrument"	"Sequencing_Assay"	"sequencing_instrument"	"A00485"	NA
"Sequencing_Assay_sequencing_run"	"Sequencing_Assay"	"sequencing_run"	"334"	NA
"fastq_header_flowcell_ID"	"fastq_header"	"flowcell_ID"	"HNFF5DSX3"	NA
"fastq_header_lane"	"fastq_header"	"lane"	"1"	NA
"fastq_header_tile"	"fastq_header"	"tile"	"1101"	NA
"fastq_header_x_pos"	"fastq_header"	"x_pos"	"1886"	NA
"fastq_header_y_pos"	"fastq_header"	"y_pos"	"1000"	NA
"fastq_header_read"	"fastq_header"	"read"	"1"	NA
"fastq_header_is_filtered"	"fastq_header"	"is_filtered"	"N"	NA
"fastq_header_control_number"	"fastq_header"	"control_number"	"0"	NA
"fastq_header_sample_number"	"fastq_header"	"sample_number"	"CCTTCACC+NGAGCGTC"	NA
"fastq_header_sample.id"	"fastq_header"	"sample.id"	"Canton_001"	NA
"fastq_header_omic_result.id"	"fastq_header"	"omic_result.id"	"omicABC123"	NA
"variant_report_sample.id"	"variant_report"	"sample.id"	"Canton_001"	NA
"variant_report_rownames"	"variant_report"	"rownames"	"chr1:111477748_A/AG"	NA
"variant_report_CHROM"	"variant_report"	"CHROM"	"chr1"	"Type:_Chromosome;_Cardinality:_1:1;_Value_Set:_SNOMED_CT:_91272006,_LOINC:48000-4"
"Single_Nucleotide_Variation_reference_allele"	"Single_Nucleotide_Variation"	"reference_allele"	"A"	"Type:_Reference_Allele;_Cardinality:_1:1;_Value_Set:_string"
"Single_Nucleotide_Variation_alternate_allele"	"Single_Nucleotide_Variation"	"alternate_allele"	"AG"	"Type:_Alternate_Allele;_Cardinality:_1:1;_Value_Set:_string"
"Single_Nucleotide_Variation_genomic_position"	"Single_Nucleotide_Variation"	"genomic_position"	"111477748"	"Type:_Genomic_Position;_Cardinality:_1:1;_Value_Set:_GENO:0000902"
"variant_report_start"	"variant_report"	"start"	"111477748"	NA
"variant_report_end"	"variant_report"	"end"	"111477748"	NA
"variant_report_width"	"variant_report"	"width"	"1"	NA
"Variant_Descriptor_gene"	"Variant_Descriptor"	"gene"	"ENSG00000143110"	NA
"variant_report_SYMBOL"	"variant_report"	"SYMBOL"	"C1orf162"	NA
"variant_report_HGNC_ID"	"variant_report"	"HGNC_ID"	"HGNC:28344"	NA
"Variant_Descriptor_code"	"Variant_Descriptor"	"code"	"ENSP00000358732.3:p.Asp76GlyfsTer37"	NA
"Variant_Descriptor_code"	"Variant_Descriptor"	"code"	"ENST00000369718.4:c.226dup"	NA
"variant_report_Consequence"	"variant_report"	"Consequence"	"frameshift_variant"	NA
"variant_report_IMPACT"	"variant_report"	"IMPACT"	"HIGH"	NA
"variant_report_genotype"	"variant_report"	"genotype"	"1"	NA
"variant_report_Feature_type"	"variant_report"	"Feature_type"	"Transcript"	NA
"variant_report_Feature"	"variant_report"	"Feature"	"ENST00000369718"	NA
"variant_report_BIOTYPE"	"variant_report"	"BIOTYPE"	"protein_coding"	NA
"variant_report_VARIANT_CLASS"	"variant_report"	"VARIANT_CLASS"	"insertion"	NA
"variant_report_CANONICAL"	"variant_report"	"CANONICAL"	"YES"	NA
"variant_report_omic_result.id"	"variant_report"	"omic_result.id"	"omicABC123"	NA
